{
  "access": {
    "embargo": {
      "active": false,
      "reason": null
    },
    "files": "public",
    "record": "public",
    "status": "open"
  },
  "created": "2025-05-30T11:03:43.327775+00:00",
  "custom_fields": {},
  "deletion_status": {
    "is_deleted": false,
    "status": "P"
  },
  "files": {
    "count": 1,
    "enabled": true,
    "entries": {
      "#Aurora_Initiative -- by Mostafa abdelsamie abdelall mohamed .pdf": {
        "access": {
          "hidden": false
        },
        "checksum": "md5:43af74b666a728baee5bc3a16fa8b803",
        "ext": "pdf",
        "id": "7e8fcd86-6c37-4f8e-bd36-0a455e82e209",
        "key": "#Aurora_Initiative -- by Mostafa abdelsamie abdelall mohamed .pdf",
        "links": {
          "content": "https://zenodo.org/api/records/15552810/files/%23Aurora_Initiative%20--%20by%20Mostafa%20abdelsamie%20abdelall%20mohamed%20.pdf/content",
          "iiif_api": "https://zenodo.org/api/iiif/record:15552810:%23Aurora_Initiative%20--%20by%20Mostafa%20abdelsamie%20abdelall%20mohamed%20.pdf/full/full/0/default.png",
          "iiif_base": "https://zenodo.org/api/iiif/record:15552810:%23Aurora_Initiative%20--%20by%20Mostafa%20abdelsamie%20abdelall%20mohamed%20.pdf",
          "iiif_canvas": "https://zenodo.org/api/iiif/record:15552810/canvas/%23Aurora_Initiative%20--%20by%20Mostafa%20abdelsamie%20abdelall%20mohamed%20.pdf",
          "iiif_info": "https://zenodo.org/api/iiif/record:15552810:%23Aurora_Initiative%20--%20by%20Mostafa%20abdelsamie%20abdelall%20mohamed%20.pdf/info.json",
          "self": "https://zenodo.org/api/records/15552810/files/%23Aurora_Initiative%20--%20by%20Mostafa%20abdelsamie%20abdelall%20mohamed%20.pdf"
        },
        "metadata": {
          "height": 792,
          "width": 612
        },
        "mimetype": "application/pdf",
        "size": 75623,
        "storage_class": "L"
      }
    },
    "order": [],
    "total_bytes": 75623
  },
  "id": "15552810",
  "is_draft": false,
  "is_published": true,
  "links": {
    "access": "https://zenodo.org/api/records/15552810/access",
    "access_grants": "https://zenodo.org/api/records/15552810/access/grants",
    "access_links": "https://zenodo.org/api/records/15552810/access/links",
    "access_request": "https://zenodo.org/api/records/15552810/access/request",
    "access_users": "https://zenodo.org/api/records/15552810/access/users",
    "archive": "https://zenodo.org/api/records/15552810/files-archive",
    "archive_media": "https://zenodo.org/api/records/15552810/media-files-archive",
    "communities": "https://zenodo.org/api/records/15552810/communities",
    "communities-suggestions": "https://zenodo.org/api/records/15552810/communities-suggestions",
    "doi": "https://doi.org/10.5281/zenodo.15552810",
    "draft": "https://zenodo.org/api/records/15552810/draft",
    "files": "https://zenodo.org/api/records/15552810/files",
    "latest": "https://zenodo.org/api/records/15552810/versions/latest",
    "latest_html": "https://zenodo.org/records/15552810/latest",
    "media_files": "https://zenodo.org/api/records/15552810/media-files",
    "parent": "https://zenodo.org/api/records/15552809",
    "parent_doi": "https://doi.org/10.5281/zenodo.15552809",
    "parent_doi_html": "https://zenodo.org/doi/10.5281/zenodo.15552809",
    "parent_html": "https://zenodo.org/records/15552809",
    "preview_html": "https://zenodo.org/records/15552810?preview=1",
    "requests": "https://zenodo.org/api/records/15552810/requests",
    "reserve_doi": "https://zenodo.org/api/records/15552810/draft/pids/doi",
    "self": "https://zenodo.org/api/records/15552810",
    "self_doi": "https://doi.org/10.5281/zenodo.15552810",
    "self_doi_html": "https://zenodo.org/doi/10.5281/zenodo.15552810",
    "self_html": "https://zenodo.org/records/15552810",
    "self_iiif_manifest": "https://zenodo.org/api/iiif/record:15552810/manifest",
    "self_iiif_sequence": "https://zenodo.org/api/iiif/record:15552810/sequence/default",
    "thumbnails": {
      "10": "https://zenodo.org/api/iiif/record:15552810:%23Aurora_Initiative%20--%20by%20Mostafa%20abdelsamie%20abdelall%20mohamed%20.pdf/full/%5E10,/0/default.jpg",
      "100": "https://zenodo.org/api/iiif/record:15552810:%23Aurora_Initiative%20--%20by%20Mostafa%20abdelsamie%20abdelall%20mohamed%20.pdf/full/%5E100,/0/default.jpg",
      "1200": "https://zenodo.org/api/iiif/record:15552810:%23Aurora_Initiative%20--%20by%20Mostafa%20abdelsamie%20abdelall%20mohamed%20.pdf/full/%5E1200,/0/default.jpg",
      "250": "https://zenodo.org/api/iiif/record:15552810:%23Aurora_Initiative%20--%20by%20Mostafa%20abdelsamie%20abdelall%20mohamed%20.pdf/full/%5E250,/0/default.jpg",
      "50": "https://zenodo.org/api/iiif/record:15552810:%23Aurora_Initiative%20--%20by%20Mostafa%20abdelsamie%20abdelall%20mohamed%20.pdf/full/%5E50,/0/default.jpg",
      "750": "https://zenodo.org/api/iiif/record:15552810:%23Aurora_Initiative%20--%20by%20Mostafa%20abdelsamie%20abdelall%20mohamed%20.pdf/full/%5E750,/0/default.jpg"
    },
    "versions": "https://zenodo.org/api/records/15552810/versions"
  },
  "media_files": {
    "count": 1,
    "enabled": true,
    "entries": {
      "#Aurora_Initiative -- by Mostafa abdelsamie abdelall mohamed .pdf.ptif": {
        "access": {
          "hidden": true
        },
        "ext": "ptif",
        "id": "e5336df0-b73f-46fe-b48e-c8da628567c6",
        "key": "#Aurora_Initiative -- by Mostafa abdelsamie abdelall mohamed .pdf.ptif",
        "links": {
          "content": "https://zenodo.org/api/records/15552810/files/%23Aurora_Initiative%20--%20by%20Mostafa%20abdelsamie%20abdelall%20mohamed%20.pdf.ptif/content",
          "self": "https://zenodo.org/api/records/15552810/files/%23Aurora_Initiative%20--%20by%20Mostafa%20abdelsamie%20abdelall%20mohamed%20.pdf.ptif"
        },
        "metadata": null,
        "mimetype": "application/octet-stream",
        "processor": {
          "source_file_id": "7e8fcd86-6c37-4f8e-bd36-0a455e82e209",
          "status": "finished",
          "type": "image-tiles"
        },
        "size": 0,
        "storage_class": "L"
      }
    },
    "order": [],
    "total_bytes": 0
  },
  "metadata": {
    "copyright": "&gt; \u00a9 2025 Mostafa Abdelsamie Abdelaal Mohamed Abdallah. All rights reserved. Licensed under the AURORA Proprietary Charter License (APCL).",
    "creators": [
      {
        "affiliations": [
          {
            "name": "\u0645\u0624\u0633\u0633 \u0627\u0644\u0645\u0628\u0627\u062f\u0631\u0647"
          },
          {
            "name": "(AURORA HAS RE-SEEING) RESEARCH & PROJECT \u0645\u0624\u0644\u0641 \u0648\u0635\u0627\u062d\u0628 \u062d\u0642\u0648\u0642 \u0627\u0644\u0645\u0644\u0643\u064a\u0629 \u0627\u0644\u0641\u0643\u0631\u064a\u0629 \u0648\u0627\u0644\u0645\u0637\u0627\u0644\u0628\u0627\u062a \u0627\u0644\u0642\u0627\u0646\u0648\u0646\u064a\u0647 \u0627\u0644\u0648\u062d\u064a\u062f \u0644\u0644\u0628\u062d\u062b \u0648\u0627\u0644\u0645\u0634\u0631\u0648\u0639 \u0648\u0627\u0644\u0645\u0628\u0627\u062f\u0631\u0629"
          },
          {
            "name": "\u0625\u062b\u0628\u0627\u062a \u0646\u0633\u0628 \u0648\u0645\u0638\u0644\u0647 \u0642\u0627\u0646\u0648\u0646\u064a\u0647 \u0631\u0633\u0645\u064a\u0647 \u0644\u0643\u0644 \u0645\u062a\u0639\u0644\u0642\u0627\u062a \u0627\u0644\u0639\u0645\u0644 -\u0648\u0627\u062b\u0628\u0627\u062a \u0634\u062e\u0635\u064a\u0647 \u0627\u0639\u062a\u0628\u0627\u0631\u064a\u0629 \u0645\u0645\u0643\u0646\u0647 \u0644\u0639\u0644\u0627\u0642\u0627\u062a \u0634\u0631\u0627\u0643\u0647 \u0645\u0633\u062a\u0642\u0628\u0644\u064a\u0629 \u0645\u0645\u0643\u0646\u0647"
          }
        ],
        "person_or_org": {
          "family_name": "abdallah",
          "given_name": "mostafa",
          "identifiers": [
            {
              "identifier": "0000-0001-8643-0260",
              "scheme": "orcid"
            }
          ],
          "name": "abdallah, mostafa",
          "type": "personal"
        }
      }
    ],
    "description": "<p>Official ducument _The founding charter of the Aurora Initiative for Digital Governance and Quantum Artificial Intelligence</p>",
    "publication_date": "2025-05-30",
    "publisher": "Zenodo",
    "resource_type": {
      "id": "event",
      "title": {
        "de": "Veranstaltung",
        "en": "Event"
      }
    },
    "rights": [
      {
        "description": {
          "en": "1. Licensing Criteria\nFor the Official Founding Charter of the \u201cAurora Initiative for Digital Governance and Quantum AI,\u201d the license must:\n\nPermit public reading and academic citation only.\n\nProhibit any form of reuse, reproduction, distribution, modification, adaptation, or commercial exploitation without explicit written authorization.\n\nRequire that any authorized derivative or excerpt prominently credit the Aurora Initiative and the author.\n\nInclude a revocation clause: the founder reserves the right to withdraw permissions if terms are violated.\n\nReference the custom license name and contact information for permissions.\n\n\n2. Custom License Text\n\n> License: AURORA Proprietary Charter License (APCL)\n\nThis Official Founding Charter of the Aurora Initiative for Digital Governance and Quantum AI (the \u201cDocument\u201d) is licensed under the AURORA Proprietary Charter License (APCL). Under this license:\n\n1. Permitted Use\n\nPublic reading and academic citation are expressly permitted.\n\n2. Prohibited Uses\n\nAny form of reuse, reproduction, distribution, publishing, modification, adaptation, translation, or commercial exploitation\u2014whether in whole or in part\u2014is strictly prohibited without prior written permission from the founder.\n\n3. Credit and Attribution\n\nAny authorized excerpt or derivative work must clearly attribute the source as:\n\n> \u201cOfficial Founding Charter of the Aurora Initiative for Digital Governance and Quantum AI\u201d by Mostafa Abdelsamie Abdelaal Mohamed Abdallah.\n\n4. Revocation of Permissions\n\nThe founder reserves the unilateral right to revoke all permissions granted under this license in the event of any breach of its terms. Upon revocation, any further use of the Document or its contents becomes a violation of copyright.\n\n5. Contact for Permissions\n\nAll requests for reuse, reproduction, or any other use beyond reading and citation must be submitted in writing to:\nMostafa Abdelsamie Abdelaal Mohamed Abdallah\nEmail: mostafaabdo2021x@yahoo.com\n\n\n\u00a9 2025 Mostafa Abdelsamie Abdelaal Mohamed Abdallah. All rights reserved under the APCL.\n\nThis license text should be included in the metadata when publishing the charter on Zenodo, and attached as a separate \u201cLICENSE\u201d file alongside the PDF of the charter.\n\n"
        },
        "link": "https://zenodo.org/record/your_license_record_number",
        "title": {
          "en": "TIM License (Trusted Intellectual Material License)"
        }
      }
    ],
    "title": "Aurora Initiative:_(AURORA HAS RE-SEEING) RESEARCH & PROJECT"
  },
  "parent": {
    "access": {
      "grants": [],
      "links": [],
      "owned_by": {
        "user": "1329284"
      },
      "settings": {
        "accept_conditions_text": null,
        "allow_guest_requests": false,
        "allow_user_requests": false,
        "secret_link_expiration": 0
      }
    },
    "communities": {
      "default": "eaa9aa0f-b2b0-4040-9c7b-d969df86f0c5",
      "entries": [
        {
          "access": {
            "member_policy": "open",
            "members_visibility": "public",
            "record_submission_policy": "open",
            "review_policy": "closed",
            "visibility": "public"
          },
          "children": {
            "allow": false
          },
          "created": "2025-05-28T11:55:03.398300+00:00",
          "custom_fields": {
            "subjects": [
              {
                "id": "mesh:D001185Q000191"
              },
              {
                "id": "mesh:D001185Q000592"
              },
              {
                "id": "mesh:D001185Q000145"
              },
              {
                "id": "mesh:D001185Q000941"
              }
            ]
          },
          "deletion_status": {
            "is_deleted": false,
            "status": "P"
          },
          "id": "eaa9aa0f-b2b0-4040-9c7b-d969df86f0c5",
          "links": {},
          "metadata": {
            "description": "AURORA is a pioneering research initiative on Quantum AI Governance and Digital Sovereignty. It explores ethical oversight, AI-human partnerships, and sovereign supervisory systems for future hybrid AI infrastructures.\nBY/Mostafa abdelsamie abdelall",
            "organizations": [
              {
                "name": "Alexanderia university"
              }
            ],
            "title": "Aurora Initiative:_(AURORA HAS RE-SEEING) RESEARCH & PROJECT",
            "type": {
              "id": "event"
            },
            "website": "https://www.linkedin.com/in/mostafa-abdelaall-1ab14b358"
          },
          "revision_id": 8,
          "slug": "aurora-initiative-2025",
          "updated": "2025-05-28T12:15:27.423405+00:00"
        }
      ],
      "ids": [
        "eaa9aa0f-b2b0-4040-9c7b-d969df86f0c5"
      ]
    },
    "id": "15552809",
    "pids": {
      "doi": {
        "client": "datacite",
        "identifier": "10.5281/zenodo.15552809",
        "provider": "datacite"
      }
    }
  },
  "pids": {
    "doi": {
      "client": "datacite",
      "identifier": "10.5281/zenodo.15552810",
      "provider": "datacite"
    },
    "oai": {
      "identifier": "oai:zenodo.org:15552810",
      "provider": "oai"
    }
  },
  "revision_id": 3,
  "stats": {
    "all_versions": {
      "data_volume": 1361214.0,
      "downloads": 18,
      "unique_downloads": 9,
      "unique_views": 7,
      "views": 10
    },
    "this_version": {
      "data_volume": 1361214.0,
      "downloads": 18,
      "unique_downloads": 9,
      "unique_views": 7,
      "views": 10
    }
  },
  "status": "published",
  "swh": {},
  "updated": "2025-05-30T11:03:43.917362+00:00",
  "versions": {
    "index": 1,
    "is_latest": true,
    "is_latest_draft": true
  }
}